city,method,requests,completion_rate,cancel_rate,expire_rate,mean_wait_min,p90_wait_min,mean_fare,mean_distance_km,intercity_trips,offer_acceptance,offers_per_request,cohort_size,mean_net_earnings,F_var,F_min,gini_net_earnings,mean_hourly,var_hourly,min_hourly,p10_hourly,p90_hourly,F_log_weighted_time,F_log_defined,mean_u_dist_km,var_u_dist_km,p1_total_utility_km,p1_F_var,p1_F_hat,p1_min_utility,p1_max_utility,p2_unfairness,p2_unfairness_per_driver,p2_total_income,p2_idle_driver_rate,p2_order_service_rate,policy_seconds,sim_seconds,train_seconds,warmup_days,v_avg_kmh
puducherry,p1_brp,677,0.8094534711964549,0.19054652880354506,0.0,5.558936832782985,10.368086156996311,113.07379562043796,3.927342849981202,26,0.679959100204499,1.4446085672082718,41,801.2284439024389,156844.1991700459,0.0,0.2783597614068904,79.66563734638633,1346.709784495356,0.0,22.730559589327154,120.55966792122122,,False,14.339218608704114,37.20482680996371,587.9079629568687,36.297392009720696,0.4201576013647205,-1.6163573143971814,23.14336673706117,87.08938672942881,2.124131383644605,32850.366200000004,0.07317073170731707,0.8094534711964549,1.4681281580487848,10.972164392471313,29.720619201660156,3,28.075992584228516
puducherry,p1_laf,677,0.8050221565731167,0.19497784342688332,0.0,5.605947239861006,9.795971439162823,112.98288073394495,3.9361262970938298,24,0.6878251821019771,1.4194977843426884,41,801.0504853658535,172970.55198090465,0.0,0.2940200081006673,83.38668474338913,2190.735515754472,0.0,21.285291149805367,151.070722003487,,False,15.188264621708768,114.22227023373075,622.7188494900595,111.43636120363976,0.6950328091757509,-10.573227136130374,40.596456440463854,73.07451290351378,1.7823051927686286,32843.0699,0.07317073170731707,0.8050221565731167,1.4068022700594156,11.450791835784912,36.58841347694397,3,28.075992584228516
puducherry,p1_momaql,677,0.8050221565731167,0.19497784342688332,0.0,5.378129118229363,10.051920589716222,115.87660550458716,4.123393787939006,30,0.698051948051948,1.3648449039881831,41,823.510931707317,156254.77552404802,0.0,0.2690794187421944,83.94583593969836,1682.132377633156,0.0,24.473292571207892,129.62517596829792,,False,17.026425326257947,45.564942831165396,698.0834383765758,44.45360276211258,0.3915885676148614,0.0,26.25960838865418,64.92818902403044,1.583614366439767,33763.9482,0.07317073170731707,0.8050221565731167,1.626601601135917,11.622060298919678,35.10238862037659,3,28.075992584228516
puducherry,p2_sid,677,0.7961595273264401,0.2038404726735598,0.0,5.559163561106599,9.975273736202507,113.88493506493506,3.9666546722518703,27,0.6576576576576577,1.4756277695716395,41,790.992731707317,99703.29090249924,0.0,0.20486901819296977,81.27037509448729,1231.6802330183527,0.0,32.88619184381538,121.66492764646078,,False,14.52028882247726,121.12214516275006,595.3318417215677,118.16794650024396,0.7486426915960223,-6.648535807477474,37.31902725327477,139.75393496113162,3.4086325600276006,32430.701999999997,0.04878048780487805,0.7961595273264401,4.478525298160093,15.304372549057007,42.28871560096741,3,28.075992584228516
puducherry,p2_laf,677,0.7533234859675036,0.2466765140324963,0.0,5.355025428513356,9.699925287323047,113.77376470588236,3.9537464394442137,26,0.6879823594266814,1.3397341211225997,41,732.7566195121951,100787.24144832353,0.0,0.22161603860002918,74.75987567185113,1138.606757290304,0.0,19.732903954600783,109.40838063013508,,False,14.312809369033026,124.78186883348542,586.825184130354,121.73840861803455,0.7708838071351426,-0.9974961535828173,39.30525747233839,115.0466728045052,2.8060164098659808,30043.021399999998,0.04878048780487805,0.7533234859675036,5.75017674202536,17.529263973236084,52.16785168647766,3,28.075992584228516
puducherry,p2_vfdcfmvd,677,0.6336779911373708,0.36484490398818314,0.0014771048744460858,5.685452064053156,10.088318703804472,111.52655011655011,3.855418951143479,19,0.6920943134535368,1.0649926144756279,41,604.6404926829268,96353.9801335246,0.0,0.29159415324359184,63.004445395064046,1032.2690408666163,0.0,32.13112501318885,118.87797686063689,,False,12.019010356061791,104.01841741187145,492.77942459853347,101.4813828408502,0.8381552677718972,-5.928404274617318,39.00236877654035,75.02004213694616,1.8297571252913698,24790.2602,0.04878048780487805,0.6336779911373708,6.008435102827207,16.599220037460327,54.490687131881714,3,28.075992584228516
puducherry,nearest,677,0.8611521418020679,0.13884785819793205,0.0,4.631656209775059,8.237288206080946,114.36073756432246,4.028425417159614,28,0.7275747508305648,1.3338257016248154,41,840.0565146341463,239474.41109476762,0.0,0.3343822753718161,82.94820201658618,2125.7838161791274,0.0,14.748756678041467,141.7970449001816,,False,22.70516703194472,186.82930749416687,930.9118483097334,182.27249511626036,0.5946150102200025,0.0,55.30740554052282,142.54104958337277,3.476610965448116,34442.3171,0.04878048780487805,0.8611521418020679,3.373832864977885,14.43265986442566,7.152557373046875e-07,0,28.075992584228516
puducherry,p1_greedy,677,0.8242245199409158,0.1757754800590842,0.0,5.39493574308888,9.777401742784798,113.03268817204302,3.9622275371579656,24,0.6953290870488322,1.3914327917282128,41,828.7551048780489,188825.41617822388,0.0,0.2983469754644712,83.54077708101187,1905.125460306766,0.0,33.3688758384233,126.84120717603724,,False,17.53352635464061,54.2785009883129,718.874580540265,52.95463511054917,0.41503308585505483,0.0,30.130550048669768,81.36347801351091,1.984475073500266,33978.9593,0.07317073170731707,0.8242245199409158,1.1330848678553593,9.24608564376831,9.5367431640625e-07,0,28.075992584228516
puducherry,p2_nm,677,0.8360413589364845,0.16395864106351551,0.0,4.674357060839224,8.673325374065644,113.72049469964665,3.98022324484291,27,0.6863157894736842,1.4032496307237814,41,856.3319804878049,209348.63290998203,0.0,0.3026713952832407,86.09030903663052,1970.5418158274151,0.0,16.952609227956337,139.77438743548316,,False,21.116071760483614,192.84826526786148,865.7589421798282,188.14464904181608,0.6495802415320809,0.0,64.06862429063092,85.62988844391802,2.0885338644858056,35109.6112,0.07317073170731707,0.8360413589364845,3.5590907108417014,13.132970571517944,1.1920928955078125e-06,0,28.075992584228516
puducherry,p2_wdf,677,0.7296898079763663,0.27031019202363366,0.0,6.354695190185411,11.219086236397198,115.62058704453442,4.068112274189934,26,0.6478174603174603,1.4889217134416544,41,706.2768341463413,289934.1170433593,0.0,0.43584590611420526,72.53901077519605,3174.7670831837236,0.0,6.470931003458862,140.4250961058204,,False,9.340483692281541,131.98464700364576,382.9598313835432,128.7655092718495,1.2148716802407096,-3.9480147661218723,47.7332252288158,100.78428187699858,2.4581532165121605,28957.3502,0.07317073170731707,0.7296898079763663,4.370788665029977,15.086076498031616,9.5367431640625e-07,0,28.075992584228516
puducherry,p2_ilp,677,0.7592319054652881,0.24076809453471196,0.0,6.151324937196046,10.75907853810335,114.75322957198445,4.057484194236143,25,0.6318359375,1.5125553914327918,41,744.0973219512196,78814.75192185634,0.0,0.1781779141431803,77.04420858151454,1112.5691355044437,0.0,30.159117034828682,111.79912202000291,,False,12.124219181326607,109.90636970518631,497.09298643439087,107.22572654164517,0.8540744301804125,-7.326732179968215,41.445260083923365,104.85804587215185,2.557513313954923,30507.9902,0.07317073170731707,0.7592319054652881,4.6341338359052315,15.854936599731445,4.76837158203125e-07,0,28.075992584228516
puducherry,p1_reassign,677,0.8389955686853766,0.16100443131462333,0.0,4.942365981759112,9.03698321427004,114.02788732394366,4.010863169962659,27,0.7061965811965812,1.382570162481536,41,854.3071707317073,190460.5731407528,0.0,0.2859567836077812,86.57177205207938,1909.2074551505173,0.0,34.60667211198748,136.91637024273086,,False,20.873787913879276,111.34886176723373,855.8253044690504,108.63303587047193,0.4993208391706987,0.0,44.304415628034036,87.67139095234059,2.138326608593673,35026.594,0.07317073170731707,0.8389955686853766,19.400138396929833,29.22242498397827,1.1920928955078125e-06,0,28.075992584228516
