model,h,nll,diverged,tot_err_new,tot_err_pickups,tot_err_cancels,tot_err_idle,tot_err_busy,tot_err_pending,mae_idle,mae_busy,mae_pending
persistence,1,0.6879392862319946,0.020317460317460317,0.5776262879371643,0.5249131917953491,0.6286404728889465,0.15069051086902618,0.17635193467140198,0.7040643095970154,0.1951601356267929,0.3209056854248047,0.0539976991713047
persistence,2,0.7899596095085144,0.020317460317460317,0.5734185576438904,0.5150031447410583,0.6767694354057312,0.21625477075576782,0.2653098404407501,0.7387659549713135,0.29625800251960754,0.44940897822380066,0.05530121549963951
persistence,3,0.848310112953186,0.020317460317460317,0.5792431831359863,0.5270992517471313,0.7134606242179871,0.29116225242614746,0.3133990168571472,0.746216893196106,0.36830785870552063,0.5134039521217346,0.054500170052051544
persistence,4,0.8867684006690979,0.020317460317460317,0.5359578132629395,0.5365581512451172,0.7122846841812134,0.3369302451610565,0.3622618019580841,0.7033911347389221,0.4211789071559906,0.5456664562225342,0.054394375532865524
persistence,5,0.9122094511985779,0.020317460317460317,0.5317609906196594,0.5435119867324829,0.714989960193634,0.3446304500102997,0.37091943621635437,0.8018566966056824,0.4633285403251648,0.5653756856918335,0.054332442581653595
persistence,6,0.9350247383117676,0.020317460317460317,0.5639503002166748,0.5314010381698608,0.765852689743042,0.3673681914806366,0.39457815885543823,0.7648722529411316,0.5010969638824463,0.5791215300559998,0.05423762649297714
persistence,7,0.9506421685218811,0.020317460317460317,0.574876606464386,0.5605170726776123,0.7277552485466003,0.38612958788871765,0.4000159204006195,0.8255634307861328,0.5328298211097717,0.5874242186546326,0.053641922771930695
persistence,8,0.9616615772247314,0.020317460317460317,0.5580833554267883,0.5556463003158569,0.7540110349655151,0.4347815215587616,0.39647409319877625,0.836459755897522,0.5608077049255371,0.594394326210022,0.05450739711523056
persistence,9,0.9773035645484924,0.020317460317460317,0.5238724946975708,0.5392876267433167,0.7529770731925964,0.5046894550323486,0.3847791254520416,0.8057329058647156,0.5842843055725098,0.5970221161842346,0.055171385407447815
persistence,10,0.989104151725769,0.020317460317460317,0.5474361777305603,0.5105288624763489,0.7399430871009827,0.5579267144203186,0.3807761073112488,0.7812306880950928,0.6091470122337341,0.5977684855461121,0.05544660612940788
persistence,11,0.9988498091697693,0.020317460317460317,0.5581339001655579,0.5318960547447205,0.7464596033096313,0.5331987738609314,0.42036527395248413,0.7695303559303284,0.6286572217941284,0.6004921793937683,0.0556306317448616
persistence,12,1.0062215328216553,0.020317460317460317,0.5372791290283203,0.5378395915031433,0.7326539754867554,0.5895470976829529,0.4099787771701813,0.7769386172294617,0.6519923806190491,0.6015615463256836,0.05470428243279457
seasonal,1,0.7757847309112549,0.014603174603174604,0.4911872148513794,0.45122984051704407,0.7571671009063721,0.4032987356185913,0.2822510004043579,0.7314916849136353,0.9068078994750977,0.5491371750831604,0.055565737187862396
seasonal,2,0.7778395414352417,0.014603174603174604,0.4845208525657654,0.4478371739387512,0.7643654942512512,0.3792124092578888,0.2909559905529022,0.7521948218345642,0.905471682548523,0.5509451627731323,0.05626453086733818
seasonal,3,0.7803066372871399,0.014603174603174604,0.44678130745887756,0.4502677321434021,0.7769960165023804,0.3912539780139923,0.29228150844573975,0.7398354411125183,0.9058743119239807,0.553093671798706,0.05576854571700096
seasonal,4,0.7847358584403992,0.014603174603174604,0.414632648229599,0.4382381737232208,0.762239933013916,0.37492936849594116,0.2893217206001282,0.6285589337348938,0.9062000513076782,0.5543899536132812,0.05503092333674431
seasonal,5,0.7834795713424683,0.014603174603174604,0.422402560710907,0.42651012539863586,0.7201915383338928,0.36084479093551636,0.28222090005874634,0.7336452603340149,0.9038515686988831,0.5534284710884094,0.05493238940834999
seasonal,6,0.7802897095680237,0.014603174603174604,0.46737298369407654,0.43134361505508423,0.7734158635139465,0.3622121810913086,0.3028949797153473,0.7307008504867554,0.9032286405563354,0.5560915470123291,0.054375458508729935
seasonal,7,0.779435396194458,0.014603174603174604,0.47738000750541687,0.45580941438674927,0.7594209313392639,0.3428311347961426,0.2902466952800751,0.7231493592262268,0.9055215120315552,0.5545230507850647,0.05491087585687637
seasonal,8,0.7814785838127136,0.014603174603174604,0.4458600878715515,0.4293915629386902,0.7633158564567566,0.3559701144695282,0.2831374704837799,0.7506364583969116,0.909528911113739,0.5541971325874329,0.05542989447712898
seasonal,9,0.7846730351448059,0.014603174603174604,0.4091007709503174,0.4376177191734314,0.756549060344696,0.39694279432296753,0.2868957221508026,0.712688684463501,0.9119343161582947,0.5548180341720581,0.05551004782319069
seasonal,10,0.7799341678619385,0.014603174603174604,0.48545190691947937,0.4273388385772705,0.7500061988830566,0.3730074465274811,0.2827357053756714,0.7427201867103577,0.9121506214141846,0.5533562302589417,0.05604075267910957
seasonal,11,0.7857739925384521,0.014603174603174604,0.5053545236587524,0.43056073784828186,0.7508643865585327,0.4048098623752594,0.3122839629650116,0.7439770698547363,0.9147641658782959,0.5587174892425537,0.05662532150745392
seasonal,12,0.782979428768158,0.014603174603174604,0.43970122933387756,0.42995771765708923,0.761093258857727,0.4036153554916382,0.2911531329154968,0.7318430542945862,0.9202934503555298,0.5589645504951477,0.055585455149412155
glm,1,0.4616034924983978,0.5126984126984127,2.918816328048706,3.5633232593536377,10.280165672302246,0.5452879667282104,0.5416576862335205,10.667844772338867,0.4713686406612396,0.43609702587127686,0.23468315601348877
glm,2,0.5389074087142944,0.5126984126984127,4.950453758239746,2.4564151763916016,15.847882270812988,0.7544088959693909,1.3374297618865967,13.384539604187012,0.6053469777107239,0.5785051584243774,0.28361451625823975
glm,3,0.593372106552124,0.5126984126984127,5.768027305603027,2.792264223098755,18.91277503967285,0.9384949207305908,1.8724191188812256,15.029413223266602,0.7367282509803772,0.6778264045715332,0.3137570321559906
glm,4,0.6601245999336243,0.5126984126984127,6.594605445861816,3.4156360626220703,21.315486907958984,1.0662059783935547,2.4393720626831055,16.577037811279297,0.9313586950302124,0.7944580316543579,0.34042856097221375
glm,5,0.7599776983261108,0.5126984126984127,7.255919456481934,3.6416172981262207,24.1177921295166,1.1860772371292114,2.73930287361145,18.337018966674805,1.246798038482666,1.01083505153656,0.3620707094669342
glm,6,1.0108520984649658,0.5126984126984127,7.930281162261963,3.6949539184570312,27.46443748474121,1.3712900876998901,3.4266579151153564,19.304960250854492,2.0501654148101807,1.5511126518249512,0.3875357210636139
glm,7,1.8278539180755615,0.5126984126984127,8.512768745422363,3.908108949661255,37.91546630859375,1.7837969064712524,4.18388032913208,21.07378387451172,4.265604019165039,3.197838306427002,0.4828646779060364
glm,8,4.105043888092041,0.5126984126984127,9.353275299072266,4.036940097808838,77.99494934082031,2.688807249069214,5.943238258361816,29.002927780151367,7.8813934326171875,8.389842987060547,1.4110609292984009
glm,9,9.975836753845215,0.5126984126984127,11.092292785644531,4.074617385864258,209.41790771484375,4.005746841430664,10.731191635131836,84.79491424560547,13.53767204284668,23.532230377197266,5.616903305053711
glm,10,22.929105758666992,0.5126984126984127,20.678966522216797,4.297673225402832,442.7966003417969,6.094318389892578,20.842681884765625,275.4840087890625,22.743667602539062,52.952064514160156,16.307958602905273
glm,11,47.62131118774414,0.5126984126984127,51.92680740356445,4.553050518035889,979.01123046875,8.980555534362793,36.59443283081055,633.5863647460938,35.52656173706055,95.45980834960938,44.05681228637695
glm,12,87.68463134765625,0.5126984126984127,132.98077392578125,4.961261749267578,1953.2987060546875,12.96664047241211,55.584774017333984,1611.39453125,52.449485778808594,141.59332275390625,100.5865707397461
mlp,1,0.3484727144241333,0.20666666666666667,0.5137731432914734,0.2623137831687927,0.5651927590370178,0.15978655219078064,0.16906419396400452,0.6131284832954407,0.2442614585161209,0.3084598779678345,0.05494271591305733
mlp,2,0.39957383275032043,0.20666666666666667,0.5454694628715515,0.4087349474430084,0.6860074400901794,0.22535304725170135,0.230313241481781,0.7225544452667236,0.3545401394367218,0.3883505165576935,0.05869051814079285
mlp,3,0.42352670431137085,0.20666666666666667,0.48968952894210815,0.414754718542099,0.8915639519691467,0.3009853959083557,0.2571823000907898,0.8095714449882507,0.4264022707939148,0.43566879630088806,0.060879819095134735
mlp,4,0.43806755542755127,0.20666666666666667,0.5282961130142212,0.429069459438324,1.1406077146530151,0.3601158559322357,0.2792520523071289,0.9147893190383911,0.4826481342315674,0.4609605073928833,0.06573404371738434
mlp,5,0.4494713842868805,0.20666666666666667,0.5684947967529297,0.4155102074146271,1.3415061235427856,0.37977948784828186,0.28466519713401794,1.1817570924758911,0.527180552482605,0.47197431325912476,0.06866399943828583
mlp,6,0.46253716945648193,0.20666666666666667,0.6300601363182068,0.42153701186180115,1.6386374235153198,0.40047574043273926,0.3047305941581726,1.2619770765304565,0.5659643411636353,0.48136410117149353,0.07173439115285873
mlp,7,0.4748848080635071,0.20666666666666667,0.7028295993804932,0.43577051162719727,1.7849820852279663,0.4297061860561371,0.324006050825119,1.455653190612793,0.6015409827232361,0.4866105020046234,0.07461495697498322
mlp,8,0.48477351665496826,0.20666666666666667,0.7216006517410278,0.45064985752105713,2.0374908447265625,0.4668680727481842,0.33109810948371887,1.5911000967025757,0.630969226360321,0.48959630727767944,0.078277088701725
mlp,9,0.49684253334999084,0.20666666666666667,0.702217698097229,0.4575359523296356,2.117175579071045,0.5057517886161804,0.3450303375720978,1.6889305114746094,0.6575002670288086,0.49106842279434204,0.08164404332637787
mlp,10,0.5082849860191345,0.20666666666666667,0.7653347253799438,0.46907657384872437,2.258254289627075,0.5244686603546143,0.36758166551589966,1.6658560037612915,0.6842771768569946,0.49469196796417236,0.08368424326181412
mlp,11,0.5203019976615906,0.20666666666666667,0.7607980966567993,0.5013402104377747,2.311983585357666,0.5334129333496094,0.38477224111557007,1.8451277017593384,0.7089212536811829,0.49830007553100586,0.08594150096178055
mlp,12,0.5339245796203613,0.20666666666666667,0.7725169658660889,0.4763665199279785,2.356417179107666,0.5541670918464661,0.394328236579895,1.9647791385650635,0.7340001463890076,0.5011976361274719,0.08817481249570847
gru,1,0.34584277868270874,0.21587301587301588,0.49535343050956726,0.24927107989788055,0.5379214882850647,0.16440804302692413,0.16446872055530548,0.5965496301651001,0.24479590356349945,0.30726292729377747,0.0540776364505291
gru,2,0.3990868628025055,0.21587301587301588,0.5000684261322021,0.4579384922981262,0.5783023238182068,0.22291170060634613,0.2293873131275177,0.6357993483543396,0.34164586663246155,0.3871784806251526,0.055365126579999924
gru,3,0.4232883155345917,0.21587301587301588,0.4391619563102722,0.480935662984848,0.6225141286849976,0.2996797263622284,0.2649078667163849,0.6255565881729126,0.40504443645477295,0.4390181005001068,0.05426102504134178
gru,4,0.43691426515579224,0.21587301587301588,0.44130608439445496,0.4817315936088562,0.6605858206748962,0.3635031282901764,0.2929856777191162,0.6028000116348267,0.45211365818977356,0.4678116738796234,0.054685328155756
gru,5,0.44561490416526794,0.21587301587301588,0.4276452362537384,0.47683969140052795,0.6821841597557068,0.39685338735580444,0.30903851985931396,0.6799744963645935,0.4905771315097809,0.4813403785228729,0.05432579293847084
gru,6,0.45611703395843506,0.21587301587301588,0.4557601809501648,0.49129489064216614,0.7399992942810059,0.4240744709968567,0.32085946202278137,0.6430426239967346,0.5261643528938293,0.492950439453125,0.05430705472826958
gru,7,0.4648665189743042,0.21587301587301588,0.4764249920845032,0.5036788582801819,0.7036831378936768,0.45781049132347107,0.34055399894714355,0.7111811637878418,0.5542533993721008,0.49819496273994446,0.05400696396827698
gru,8,0.4713711738586426,0.21587301587301588,0.46187928318977356,0.509573221206665,0.7426512837409973,0.5050019025802612,0.34035953879356384,0.7210376858711243,0.5815271139144897,0.5007278919219971,0.055098701268434525
gru,9,0.480245977640152,0.21587301587301588,0.4297434687614441,0.5053806304931641,0.7255839109420776,0.5682312846183777,0.34548792243003845,0.7281204462051392,0.6063657402992249,0.5019945502281189,0.0559595562517643
gru,10,0.48793086409568787,0.21587301587301588,0.4644099771976471,0.5076197385787964,0.7348332405090332,0.6092610955238342,0.3565792739391327,0.6632673740386963,0.6318395137786865,0.5035785436630249,0.05563749372959137
gru,11,0.49674326181411743,0.21587301587301588,0.4593625068664551,0.525471031665802,0.7245397567749023,0.5886436104774475,0.3711702823638916,0.6861367225646973,0.6542149186134338,0.5050389170646667,0.05600829795002937
gru,12,0.5053613185882568,0.21587301587301588,0.442079097032547,0.5103062391281128,0.7276246547698975,0.635600209236145,0.3644847571849823,0.6880965828895569,0.6804593205451965,0.5067331790924072,0.056207261979579926
gru_os,1,0.3540646433830261,0.27365079365079364,0.5102313160896301,0.49705013632774353,0.5833960771560669,0.27190566062927246,0.19047732651233673,0.5878249406814575,0.34457162022590637,0.31595200300216675,0.05381475016474724
gru_os,2,0.4013577401638031,0.27365079365079364,0.5188308954238892,0.3938543200492859,0.5540825724601746,0.3995252251625061,0.24994029104709625,0.6058913469314575,0.5269008874893188,0.3906334340572357,0.05439504235982895
gru_os,3,0.4277583062648773,0.27365079365079364,0.467289000749588,0.39418137073516846,0.5511712431907654,0.5702967643737793,0.2708899676799774,0.5812351107597351,0.6856890916824341,0.4328891634941101,0.05259286239743233
gru_os,4,0.4491168260574341,0.27365079365079364,0.4516710638999939,0.4043976664543152,0.5521739721298218,0.7176646590232849,0.2869669795036316,0.5457990169525146,0.8499071002006531,0.4524272680282593,0.052454181015491486
gru_os,5,0.46674683690071106,0.27365079365079364,0.4426824152469635,0.406720906496048,0.5506519079208374,0.8118855357170105,0.28811338543891907,0.585741400718689,1.0084192752838135,0.4605068266391754,0.051312219351530075
gru_os,6,0.4870198667049408,0.27365079365079364,0.48108547925949097,0.4014495611190796,0.5667682886123657,0.905234158039093,0.31471148133277893,0.5603176951408386,1.1691466569900513,0.46730107069015503,0.050895605236291885
gru_os,7,0.5058104395866394,0.27365079365079364,0.4915144741535187,0.4213869273662567,0.5351789593696594,0.9825774431228638,0.315814346075058,0.5900173187255859,1.3289240598678589,0.468753457069397,0.0500517264008522
gru_os,8,0.52607661485672,0.27365079365079364,0.4903963804244995,0.4208264946937561,0.5450828671455383,1.1718754768371582,0.31576403975486755,0.5915700197219849,1.4990085363388062,0.46973034739494324,0.05083606764674187
gru_os,9,0.5491920113563538,0.27365079365079364,0.45115047693252563,0.4142787456512451,0.5295625925064087,1.371209740638733,0.3094663619995117,0.5969078540802002,1.6722173690795898,0.4701038897037506,0.051195915788412094
gru_os,10,0.5727027654647827,0.27365079365079364,0.4838431477546692,0.4109015166759491,0.5315331220626831,1.5800704956054688,0.31556686758995056,0.5533722043037415,1.8528637886047363,0.4702117145061493,0.05046965926885605
gru_os,11,0.5986242890357971,0.27365079365079364,0.5087807774543762,0.4244757294654846,0.5272195339202881,1.588770866394043,0.33927232027053833,0.5538583993911743,2.035722494125366,0.47133082151412964,0.050497423857450485
gru_os,12,0.624641478061676,0.27365079365079364,0.461995929479599,0.4274802505970001,0.5287701487541199,1.7656728029251099,0.32863670587539673,0.5464800000190735,2.222292423248291,0.4725579023361206,0.050248585641384125
gru_cons,1,0.3426877558231354,0.008571428571428572,0.4475087821483612,0.2260909527540207,0.5000706911087036,0.1492820680141449,0.16366270184516907,0.5793928503990173,0.2385243922472,0.2978227138519287,0.05417103320360184
gru_cons,2,0.39834094047546387,0.008571428571428572,0.43531763553619385,0.447065532207489,0.4847951829433441,0.2220812886953354,0.22338663041591644,0.5860363841056824,0.3338381052017212,0.3745674192905426,0.05396127700805664
gru_cons,3,0.42541518807411194,0.008571428571428572,0.3855159282684326,0.5367724895477295,0.48949867486953735,0.30040496587753296,0.24724183976650238,0.5615471005439758,0.39895981550216675,0.4237154424190521,0.05236857384443283
gru_cons,4,0.44143441319465637,0.008571428571428572,0.3779105246067047,0.5557155609130859,0.5133000016212463,0.3553697168827057,0.2671426236629486,0.5400181412696838,0.44948410987854004,0.4485985338687897,0.05316988378763199
gru_cons,5,0.4505837559700012,0.008571428571428572,0.3854517340660095,0.5549216866493225,0.5102537274360657,0.35585394501686096,0.2698217034339905,0.6075981855392456,0.4923171103000641,0.459900826215744,0.05280395597219467
gru_cons,6,0.46071571111679077,0.008571428571428572,0.3982560932636261,0.5683825612068176,0.5364496111869812,0.39014050364494324,0.2796303927898407,0.571458637714386,0.5311815738677979,0.46946775913238525,0.05291728302836418
gru_cons,7,0.469271719455719,0.008571428571428572,0.4227558374404907,0.5737940669059753,0.5198167562484741,0.3861899673938751,0.27778366208076477,0.6302631497383118,0.5637866854667664,0.4729337692260742,0.05260452255606651
gru_cons,8,0.4749489426612854,0.008571428571428572,0.4134131073951721,0.5783376693725586,0.5465493202209473,0.458461195230484,0.27520301938056946,0.6182799935340881,0.5954813361167908,0.4744899570941925,0.053493332117795944
gru_cons,9,0.48255378007888794,0.008571428571428572,0.38933733105659485,0.5854446291923523,0.5442976951599121,0.5207810997962952,0.2642982304096222,0.6285189986228943,0.6231395602226257,0.4744162857532501,0.05408041179180145
gru_cons,10,0.48891645669937134,0.008571428571428572,0.40558674931526184,0.5835862159729004,0.5429899096488953,0.6189050674438477,0.2658854126930237,0.5711557269096375,0.6536265015602112,0.4745972752571106,0.053613971918821335
gru_cons,11,0.4965745806694031,0.008571428571428572,0.42054539918899536,0.5927215814590454,0.5388699173927307,0.6109007596969604,0.2966214418411255,0.6117802858352661,0.6805878281593323,0.4764441251754761,0.053901657462120056
gru_cons,12,0.503503143787384,0.008571428571428572,0.4052329957485199,0.5857929587364197,0.5664960741996765,0.6974309682846069,0.29273319244384766,0.5963350534439087,0.7103610634803772,0.478118896484375,0.053719133138656616
gru_cons_os,1,0.34663689136505127,0.020317460317460317,0.5045185685157776,0.3503738343715668,0.6467555165290833,0.15029384195804596,0.18124526739120483,0.6303024888038635,0.2573319673538208,0.30840393900871277,0.0558302104473114
gru_cons_os,2,0.38941723108291626,0.020317460317460317,0.498762845993042,0.36472049355506897,0.5789192318916321,0.20829662680625916,0.25710001587867737,0.6392173767089844,0.3561043441295624,0.3897695541381836,0.05540261045098305
gru_cons_os,3,0.40802574157714844,0.020317460317460317,0.45208582282066345,0.36507612466812134,0.5677148699760437,0.28174570202827454,0.29091161489486694,0.605583131313324,0.4209756553173065,0.4361954927444458,0.053922396153211594
gru_cons_os,4,0.4190640449523926,0.020317460317460317,0.44172653555870056,0.36706292629241943,0.5721650123596191,0.3381483852863312,0.3275454342365265,0.5874374508857727,0.46871498227119446,0.45745956897735596,0.054433830082416534
gru_cons_os,5,0.424450159072876,0.020317460317460317,0.44492965936660767,0.3613828718662262,0.5663027763366699,0.3418024480342865,0.3356362283229828,0.6471366882324219,0.5079646110534668,0.46636712551116943,0.05367787554860115
gru_cons_os,6,0.43094155192375183,0.020317460317460317,0.46839413046836853,0.36294636130332947,0.581497311592102,0.3638083040714264,0.3610643148422241,0.6140460968017578,0.5420087575912476,0.47376909852027893,0.053610943257808685
gru_cons_os,7,0.4353282153606415,0.020317460317460317,0.48330816626548767,0.36819130182266235,0.5705748796463013,0.3749193847179413,0.3440116047859192,0.6449849605560303,0.5703232288360596,0.4754374921321869,0.053170252591371536
gru_cons_os,8,0.43839699029922485,0.020317460317460317,0.49271923303604126,0.3762545883655548,0.5809763669967651,0.43608587980270386,0.3448140621185303,0.6591723561286926,0.5951222777366638,0.476239949464798,0.053943242877721786
gru_cons_os,9,0.44306448101997375,0.020317460317460317,0.4479236304759979,0.3642447292804718,0.5703380107879639,0.5006998777389526,0.3299875855445862,0.6600985527038574,0.6175925135612488,0.4759405553340912,0.05440983176231384
gru_cons_os,10,0.4470420181751251,0.020317460317460317,0.4763476848602295,0.3715865910053253,0.569847822189331,0.5587168335914612,0.33810630440711975,0.6137399077415466,0.6411608457565308,0.4765314757823944,0.05390618368983269
gru_cons_os,11,0.45173823833465576,0.020317460317460317,0.5076857805252075,0.3761466443538666,0.5594841241836548,0.5426777601242065,0.38489097356796265,0.6409862041473389,0.6616923213005066,0.4781103730201721,0.05405402183532715
gru_cons_os,12,0.45611992478370667,0.020317460317460317,0.46299439668655396,0.37244999408721924,0.5698155164718628,0.6144223213195801,0.3738250434398651,0.6239365935325623,0.6835283041000366,0.48000800609588623,0.053838036954402924
