city,split,date,policy,completion,requests,seconds
boulder,train,2025-02-11,nearest,0.8435839028094153,1317,17.4
boulder,train,2025-02-11,nearest_norepo,0.8337129840546698,1317,14.2
boulder,train,2025-02-11,p2_nm,0.8253606681852695,1317,18.3
boulder,train,2025-02-11,p1_greedy,0.8192862566438877,1317,13.3
boulder,train,2025-02-11,p2_wdf,0.7714502657555049,1317,21.5
boulder,train,2025-08-20,nearest,0.7989497374343586,1333,15.6
boulder,train,2025-08-20,nearest_norepo,0.786946736684171,1333,15.2
boulder,train,2025-08-20,p2_nm,0.77344336084021,1333,22.1
boulder,train,2025-08-20,p1_greedy,0.7576894223555889,1333,21.8
boulder,train,2025-08-20,p2_wdf,0.72768192048012,1333,17.1
boulder,train,2025-06-14,nearest,0.836350470673425,1381,15.6
boulder,train,2025-06-14,nearest_norepo,0.8291093410572049,1381,20.9
boulder,train,2025-06-14,p2_nm,0.8218682114409848,1381,21.9
boulder,train,2025-06-14,p1_greedy,0.8240405503258509,1381,17.9
boulder,train,2025-06-14,p2_wdf,0.7603186097031137,1381,23.7
annarbor,train,2025-02-11,nearest,0.931103678929766,1495,24.7
annarbor,train,2025-02-11,nearest_norepo,0.9244147157190636,1495,18.6
annarbor,train,2025-02-11,p2_nm,0.9244147157190636,1495,24.4
annarbor,train,2025-02-11,p1_greedy,0.9264214046822744,1495,21.2
annarbor,train,2025-02-11,p2_wdf,0.8347826086956521,1495,26.8
annarbor,train,2025-06-14,nearest,0.8977491961414791,1555,22.1
annarbor,train,2025-06-14,nearest_norepo,0.8893890675241157,1555,22.5
annarbor,train,2025-06-14,p2_nm,0.8932475884244373,1555,21.3
annarbor,train,2025-06-14,p1_greedy,0.8926045016077171,1555,17.2
annarbor,train,2025-06-14,p2_wdf,0.7916398713826367,1555,25.2
annarbor,train,2025-08-20,nearest,0.8879781420765027,1464,22.8
annarbor,train,2025-08-20,nearest_norepo,0.8838797814207651,1464,18.6
annarbor,train,2025-08-20,p2_nm,0.8736338797814208,1464,24.9
annarbor,train,2025-08-20,p1_greedy,0.8722677595628415,1464,17.6
annarbor,train,2025-08-20,p2_wdf,0.7868852459016393,1464,22.2
sf,train,2025-02-11,nearest,0.9536112257531986,12115,110.7
sf,train,2025-02-11,p2_nm,0.940321914981428,12115,107.4
sf,train,2025-02-11,p1_greedy,0.9329756500206356,12115,75.9
boulder,test,2025-10-08,nearest,0.8680659670164917,1334,12.1
boulder,test,2025-10-08,nearest_norepo,0.8725637181409296,1334,9.4
boulder,test,2025-10-08,p2_nm,0.8650674662668666,1334,9.5
boulder,test,2025-10-08,p1_greedy,0.8463268365817092,1334,8.9
boulder,test,2025-10-08,p2_wdf,0.8020989505247377,1334,10.3
boulder,test,2025-10-08,p2_ilp,0.8050974512743628,1334,9.4
sf,train,2025-08-20,nearest,0.949018629407851,12024,104.8
sf,train,2025-08-20,nearest_norepo,0.9427811044577512,12024,87.7
sf,train,2025-08-20,p2_nm,0.9286427145708582,12024,83.7
sf,train,2025-08-20,p1_greedy,0.9339654025282768,12024,56.5
sf,train,2025-08-20,p2_wdf,0.7657185628742516,12024,68.4
sf,train,2025-06-14,nearest,0.9591382462834884,12579,105.6
sf,train,2025-06-14,nearest_norepo,0.9507115032991492,12579,93.9
sf,train,2025-06-14,p2_nm,0.9489625566420224,12579,85.7
sf,train,2025-06-14,p1_greedy,0.9437952142459656,12579,49.8
sf,train,2025-06-14,p2_wdf,0.8193815088639796,12579,89.7
boulder,test,2025-11-15,nearest,0.8431952662721893,1352,12.0
boulder,test,2025-11-15,nearest_norepo,0.8468934911242604,1352,11.2
boulder,test,2025-11-15,p2_nm,0.8424556213017751,1352,14.1
boulder,test,2025-11-15,p1_greedy,0.8298816568047337,1352,13.5
boulder,test,2025-11-15,p2_wdf,0.790680473372781,1352,17.1
boulder,test,2025-11-15,p2_ilp,0.7951183431952663,1352,11.4
pune,train,2025-02-11,nearest,0.8475237618809405,9995,141.4
pune,train,2025-02-11,nearest_norepo,0.8173086543271636,9995,101.3
pune,train,2025-02-11,p2_nm,0.8112056028014007,9995,75.3
pune,train,2025-02-11,p1_greedy,0.8219109554777388,9995,57.2
pune,train,2025-02-11,p2_wdf,0.6534267133566783,9995,95.2
pune,train,2025-08-20,nearest,0.7961292937481002,9869,126.5
pune,train,2025-08-20,nearest_norepo,0.7575235586178944,9869,110.1
pune,train,2025-08-20,p2_nm,0.7465802006282298,9869,75.9
pune,train,2025-08-20,p1_greedy,0.7517478974566826,9869,61.1
pune,train,2025-08-20,p2_wdf,0.5718917823487689,9869,99.9
annarbor,test,2025-10-08,nearest,0.922266139657444,1518,12.4
annarbor,test,2025-10-08,nearest_norepo,0.9084321475625824,1518,10.5
annarbor,test,2025-10-08,p2_nm,0.8945981554677207,1518,12.5
annarbor,test,2025-10-08,p1_greedy,0.8906455862977603,1518,10.4
annarbor,test,2025-10-08,p2_wdf,0.8115942028985508,1518,18.8
annarbor,test,2025-10-08,p2_ilp,0.83399209486166,1518,15.0
pune,train,2025-06-14,nearest,0.8547851129818342,9028,136.1
pune,train,2025-06-14,nearest_norepo,0.8238812583074878,9028,108.5
pune,train,2025-06-14,p2_nm,0.8250996898537882,9028,71.8
pune,train,2025-06-14,p1_greedy,0.8255427558706248,9028,68.3
pune,train,2025-06-14,p2_wdf,0.6084404076207355,9028,105.2
annarbor,test,2025-11-15,nearest,0.932642487046632,1544,14.0
annarbor,test,2025-11-15,nearest_norepo,0.932642487046632,1544,9.8
annarbor,test,2025-11-15,p2_nm,0.9106217616580312,1544,13.8
annarbor,test,2025-11-15,p1_greedy,0.9106217616580312,1544,11.8
annarbor,test,2025-11-15,p2_wdf,0.8018134715025906,1544,13.1
annarbor,test,2025-11-15,p2_ilp,0.8477979274611399,1544,10.3
sf,test,2025-10-08,nearest,0.9554716981132076,11925,111.9
sf,test,2025-10-08,nearest_norepo,0.9471698113207548,11925,74.1
sf,test,2025-10-08,p2_nm,0.941299790356394,11925,55.3
sf,test,2025-10-08,p1_greedy,0.9415513626834382,11925,41.7
sf,test,2025-10-08,p2_wdf,0.7854926624737946,11925,82.4
sf,test,2025-10-08,p2_ilp,0.829937106918239,11925,46.1
sf,test,2025-11-15,nearest,0.9644540298745906,12519,110.6
sf,test,2025-11-15,nearest_norepo,0.9570253215113028,12519,70.8
sf,test,2025-11-15,p2_nm,0.9555076284048246,12519,47.4
sf,test,2025-11-15,p1_greedy,0.9544692068056554,12519,46.3
sf,test,2025-11-15,p2_wdf,0.8221902707884017,12519,81.4
sf,test,2025-11-15,p2_ilp,0.8743509865005192,12519,46.1
pune,test,2025-10-08,nearest,0.8282960136559896,9959,106.2
pune,test,2025-10-08,nearest_norepo,0.7895371021186867,9959,52.6
pune,test,2025-10-08,p2_nm,0.7832111657796967,9959,56.3
pune,test,2025-10-08,p1_greedy,0.7827091073400944,9959,65.3
pune,test,2025-10-08,p2_wdf,0.6188372326538809,9959,65.3
pune,test,2025-10-08,p2_ilp,0.6637212571543327,9959,37.0
pune,test,2025-11-15,nearest,0.8681144666892885,8841,105.8
pune,test,2025-11-15,nearest_norepo,0.8238887003732609,8841,62.7
pune,test,2025-11-15,p2_nm,0.8193643253025675,8841,73.0
pune,test,2025-11-15,p1_greedy,0.8246804660106323,8841,60.0
pune,test,2025-11-15,p2_wdf,0.6327338536364665,8841,57.5
pune,test,2025-11-15,p2_ilp,0.6825019794140934,8841,29.5
puducherry,train,2025-02-11,nearest,0.900593471810089,674,5.4
puducherry,train,2025-02-11,nearest_norepo,0.884272997032641,674,4.4
puducherry,train,2025-02-11,p2_nm,0.8857566765578635,674,5.8
puducherry,train,2025-02-11,p1_greedy,0.8738872403560831,674,4.7
puducherry,train,2025-02-11,p2_wdf,0.7863501483679525,674,6.5
puducherry,train,2025-06-14,nearest,0.8887262079062958,683,5.7
puducherry,train,2025-06-14,nearest_norepo,0.8872620790629575,683,4.6
puducherry,train,2025-06-14,p2_nm,0.8814055636896047,683,5.9
puducherry,train,2025-06-14,p1_greedy,0.862371888726208,683,5.1
puducherry,train,2025-06-14,p2_wdf,0.7379209370424598,683,6.8
puducherry,train,2025-08-20,nearest,0.8516405135520685,701,5.6
puducherry,train,2025-08-20,nearest_norepo,0.8416547788873039,701,4.6
puducherry,train,2025-08-20,p2_nm,0.8416547788873039,701,6.1
puducherry,train,2025-08-20,p1_greedy,0.8402282453637661,701,5.1
puducherry,train,2025-08-20,p2_wdf,0.7489300998573466,701,7.0
puducherry,test,2025-11-15,nearest,0.9105691056910568,615,5.6
puducherry,test,2025-11-15,nearest_norepo,0.913821138211382,615,4.3
puducherry,test,2025-11-15,p2_nm,0.8943089430894309,615,5.8
puducherry,test,2025-11-15,p1_greedy,0.9235772357723576,615,4.7
puducherry,test,2025-11-15,p2_wdf,0.8113821138211382,615,6.5
puducherry,test,2025-11-15,p2_ilp,0.8227642276422764,615,5.5
puducherry,test,2025-10-08,nearest,0.90646492434663,727,5.7
puducherry,test,2025-10-08,nearest_norepo,0.9147180192572214,727,4.6
puducherry,test,2025-10-08,p2_nm,0.8927097661623109,727,6.0
puducherry,test,2025-10-08,p1_greedy,0.8734525447042641,727,5.1
puducherry,test,2025-10-08,p2_wdf,0.7950481430536451,727,6.8
puducherry,test,2025-10-08,p2_ilp,0.8239339752407153,727,5.6
udaipur,train,2025-06-14,nearest,0.888532477947073,1247,10.1
udaipur,train,2025-06-14,nearest_norepo,0.8957497995188453,1247,7.2
udaipur,train,2025-06-14,p2_nm,0.8740978348035284,1247,9.1
udaipur,train,2025-06-14,p1_greedy,0.884522854851644,1247,7.9
udaipur,train,2025-06-14,p2_wdf,0.681635926222935,1247,10.9
udaipur,train,2025-08-20,nearest,0.8217420661715057,1481,9.9
udaipur,train,2025-08-20,nearest_norepo,0.8014854827819041,1481,7.7
udaipur,train,2025-08-20,p2_nm,0.7859554355165429,1481,9.8
udaipur,train,2025-08-20,p1_greedy,0.7758271438217421,1481,8.4
udaipur,train,2025-08-20,p2_wdf,0.6076975016880486,1481,11.3
udaipur,train,2025-02-11,nearest,0.9141150112023898,1339,10.5
udaipur,train,2025-02-11,nearest_norepo,0.9103808812546677,1339,7.6
udaipur,train,2025-02-11,p2_nm,0.90067214339059,1339,9.7
udaipur,train,2025-02-11,p1_greedy,0.8991784914115011,1339,8.1
udaipur,train,2025-02-11,p2_wdf,0.6982823002240478,1339,11.2
udaipur,test,2025-11-15,nearest,0.9203470031545742,1268,10.3
udaipur,test,2025-11-15,nearest_norepo,0.9037854889589906,1268,7.1
udaipur,test,2025-11-15,p2_nm,0.8990536277602523,1268,9.2
udaipur,test,2025-11-15,p1_greedy,0.9022082018927444,1268,7.8
udaipur,test,2025-11-15,p2_wdf,0.6514195583596214,1268,10.6
udaipur,test,2025-11-15,p2_ilp,0.7208201892744479,1268,8.0
udaipur,test,2025-10-08,nearest,0.8870523415977961,1452,10.7
udaipur,test,2025-10-08,nearest_norepo,0.8863636363636364,1452,7.5
udaipur,test,2025-10-08,p2_nm,0.8753443526170799,1452,9.7
udaipur,test,2025-10-08,p1_greedy,0.8808539944903582,1452,8.3
udaipur,test,2025-10-08,p2_wdf,0.6990358126721763,1452,11.3
udaipur,test,2025-10-08,p2_ilp,0.7369146005509641,1452,8.0
chandigarh,train,2025-02-11,nearest,0.7692066478519912,3189,15.3
chandigarh,train,2025-02-11,nearest_norepo,0.7365945437441204,3189,10.5
chandigarh,train,2025-02-11,p2_nm,0.7328316086547507,3189,12.8
chandigarh,train,2025-02-11,p1_greedy,0.7419253684540609,3189,12.2
chandigarh,train,2025-02-11,p2_wdf,0.6265286923800565,3189,17.4
chandigarh,test,2025-11-15,nearest,0.7494838265657261,2906,15.2
chandigarh,test,2025-11-15,nearest_norepo,0.7019958706125258,2906,10.0
chandigarh,test,2025-11-15,p2_nm,0.686166551961459,2906,12.2
chandigarh,test,2025-11-15,p1_greedy,0.6871988988300068,2906,11.5
chandigarh,test,2025-11-15,p2_wdf,0.5719201651754989,2906,16.7
chandigarh,test,2025-11-15,p2_ilp,0.5825877494838265,2906,11.4
panaji,train,2025-06-14,nearest,0.9063604240282686,566,6.4
panaji,train,2025-06-14,nearest_norepo,0.8939929328621908,566,4.6
panaji,train,2025-06-14,p2_nm,0.8710247349823321,566,6.0
panaji,train,2025-06-14,p1_greedy,0.8798586572438163,566,5.1
panaji,train,2025-06-14,p2_wdf,0.6855123674911661,566,7.7
panaji,train,2025-02-11,nearest,0.8703374777975134,563,6.5
panaji,train,2025-02-11,nearest_norepo,0.8525754884547069,563,4.7
panaji,train,2025-02-11,p2_nm,0.8188277087033747,563,6.1
panaji,train,2025-02-11,p1_greedy,0.8348134991119005,563,5.2
panaji,train,2025-02-11,p2_wdf,0.6820603907637656,563,7.7
panaji,train,2025-08-20,nearest,0.8544839255499154,591,6.5
panaji,train,2025-08-20,nearest_norepo,0.7969543147208121,591,4.7
panaji,train,2025-08-20,p2_nm,0.8307952622673435,591,6.2
panaji,train,2025-08-20,p1_greedy,0.8003384094754653,591,5.2
panaji,train,2025-08-20,p2_wdf,0.6869712351945855,591,8.1
panaji,test,2025-11-15,nearest,0.8747855917667239,583,6.6
panaji,test,2025-11-15,nearest_norepo,0.8404802744425386,583,4.6
panaji,test,2025-11-15,p2_nm,0.7941680960548885,583,6.1
panaji,test,2025-11-15,p1_greedy,0.8319039451114922,583,5.3
panaji,test,2025-11-15,p2_wdf,0.6706689536878216,583,7.8
panaji,test,2025-11-15,p2_ilp,0.7495711835334476,583,6.3
panaji,test,2025-10-08,nearest,0.8491446345256609,643,6.6
panaji,test,2025-10-08,nearest_norepo,0.8320373250388803,643,4.8
panaji,test,2025-10-08,p2_nm,0.8273716951788491,643,6.4
panaji,test,2025-10-08,p1_greedy,0.838258164852255,643,5.8
panaji,test,2025-10-08,p2_wdf,0.6702954898911353,643,8.1
panaji,test,2025-10-08,p2_ilp,0.7262830482115086,643,6.3
chandigarh,train,2025-08-20,nearest,0.8675227059191982,3193,16.3
chandigarh,train,2025-08-20,nearest_norepo,0.8355778264954589,3193,11.0
chandigarh,train,2025-08-20,p2_nm,0.8296273097400564,3193,13.0
chandigarh,train,2025-08-20,p1_greedy,0.8390228625117444,3193,12.1
chandigarh,train,2025-08-20,p2_wdf,0.6179141872846853,3193,20.7
chandigarh,train,2025-06-14,nearest,0.9309539693128752,2998,16.6
chandigarh,train,2025-06-14,nearest_norepo,0.9036024016010674,2998,10.8
chandigarh,train,2025-06-14,p2_nm,0.9049366244162776,2998,12.9
chandigarh,train,2025-06-14,p1_greedy,0.908939292861908,2998,12.0
chandigarh,train,2025-06-14,p2_wdf,0.6627751834556371,2998,21.0
chandigarh,train,2025-02-11,nearest,0.9091191066997518,3224,16.7
chandigarh,train,2025-02-11,nearest_norepo,0.8948511166253101,3224,11.1
chandigarh,train,2025-02-11,p2_nm,0.8911290322580645,3224,13.2
chandigarh,train,2025-02-11,p1_greedy,0.9022952853598016,3224,12.3
chandigarh,train,2025-02-11,p2_wdf,0.7040942928039702,3224,21.2
chandigarh,test,2025-11-15,nearest,0.9323893805309734,2825,16.5
chandigarh,test,2025-11-15,nearest_norepo,0.904424778761062,2825,10.5
chandigarh,test,2025-11-15,p2_nm,0.9083185840707964,2825,12.5
chandigarh,test,2025-11-15,p1_greedy,0.92141592920354,2825,11.7
chandigarh,test,2025-11-15,p2_wdf,0.68070796460177,2825,21.1
chandigarh,test,2025-11-15,p2_ilp,0.7330973451327434,2825,11.8
chandigarh,test,2025-10-08,nearest,0.9011395133969818,3247,17.0
chandigarh,test,2025-10-08,nearest_norepo,0.8866646134893748,3247,11.1
chandigarh,test,2025-10-08,p2_nm,0.8761934093008932,3247,13.2
chandigarh,test,2025-10-08,p1_greedy,0.8798891284262396,3247,12.4
chandigarh,test,2025-10-08,p2_wdf,0.668309208500154,3247,21.1
chandigarh,test,2025-10-08,p2_ilp,0.7145056975669849,3247,11.8
pittsburgh,train,2025-08-20,nearest,0.8870523415977961,3630,13.6
pittsburgh,train,2025-08-20,nearest_norepo,0.8589531680440772,3630,10.6
pittsburgh,train,2025-08-20,p2_nm,0.8542699724517906,3630,14.6
pittsburgh,train,2025-08-20,p1_greedy,0.8526170798898072,3630,12.4
pittsburgh,train,2025-08-20,p2_wdf,0.7473829201101928,3630,21.1
pittsburgh,train,2025-02-11,nearest,0.9099274958170664,3586,13.7
pittsburgh,train,2025-02-11,nearest_norepo,0.8954266592303403,3586,10.9
pittsburgh,train,2025-02-11,p2_nm,0.8904071388733965,3586,14.4
pittsburgh,train,2025-02-11,p1_greedy,0.8959843837144451,3586,12.6
pittsburgh,train,2025-02-11,p2_wdf,0.792526491912995,3586,22.4
pittsburgh,train,2025-06-14,nearest,0.8904891304347826,3680,13.9
pittsburgh,train,2025-06-14,nearest_norepo,0.8875,3680,11.2
pittsburgh,train,2025-06-14,p2_nm,0.8820652173913044,3680,14.7
pittsburgh,train,2025-06-14,p1_greedy,0.8831521739130435,3680,13.0
pittsburgh,train,2025-06-14,p2_wdf,0.7557065217391304,3680,22.6
pittsburgh,test,2025-10-08,nearest,0.8810780772436788,3599,13.3
pittsburgh,test,2025-10-08,nearest_norepo,0.8707974437343706,3599,10.8
pittsburgh,test,2025-10-08,p2_nm,0.8666296193387052,3599,14.0
pittsburgh,test,2025-10-08,p1_greedy,0.8538482911919978,3599,12.0
pittsburgh,test,2025-10-08,p2_wdf,0.7538205056960267,3599,20.2
pittsburgh,test,2025-10-08,p2_ilp,0.7816060016671298,3599,13.8
pittsburgh,test,2025-11-15,nearest,0.8981122317041634,3867,13.8
pittsburgh,test,2025-11-15,nearest_norepo,0.8750969743987588,3867,11.3
pittsburgh,test,2025-11-15,p2_nm,0.878458753555728,3867,14.7
pittsburgh,test,2025-11-15,p1_greedy,0.8717351952417896,3867,13.0
pittsburgh,test,2025-11-15,p2_wdf,0.7600206878717352,3867,22.1
pittsburgh,test,2025-11-15,p2_ilp,0.7840703387638996,3867,13.3
navimumbai,train,2025-08-20,nearest,0.8895725388601037,3088,12.4
navimumbai,train,2025-08-20,nearest_norepo,0.8701424870466321,3088,8.7
navimumbai,train,2025-08-20,p2_nm,0.8688471502590673,3088,10.5
navimumbai,train,2025-08-20,p1_greedy,0.8672279792746114,3088,9.6
navimumbai,train,2025-08-20,p2_wdf,0.6923575129533679,3088,15.7
navimumbai,train,2025-06-14,nearest,0.924187725631769,2770,12.4
navimumbai,train,2025-06-14,nearest_norepo,0.9133574007220217,2770,8.6
navimumbai,train,2025-06-14,p2_nm,0.9021660649819496,2770,10.3
navimumbai,train,2025-06-14,p1_greedy,0.8935018050541517,2770,9.4
navimumbai,train,2025-06-14,p2_wdf,0.7245487364620938,2770,16.4
navimumbai,train,2025-02-11,nearest,0.8914055228048402,3223,12.6
navimumbai,train,2025-02-11,nearest_norepo,0.8824076946943841,3223,9.1
navimumbai,train,2025-02-11,p2_nm,0.8889233633260937,3223,10.9
navimumbai,train,2025-02-11,p1_greedy,0.8805460750853242,3223,10.3
navimumbai,train,2025-02-11,p2_wdf,0.7313062364256904,3223,16.9
navimumbai,test,2025-11-15,nearest,0.9276852180077988,2821,12.5
navimumbai,test,2025-11-15,nearest_norepo,0.9213045019496632,2821,8.3
navimumbai,test,2025-11-15,p2_nm,0.9223679546260192,2821,10.0
navimumbai,test,2025-11-15,p1_greedy,0.9191775965969514,2821,9.2
navimumbai,test,2025-11-15,p2_wdf,0.7114498404820986,2821,15.2
navimumbai,test,2025-11-15,p2_ilp,0.7763204537398086,2821,10.0
navimumbai,test,2025-10-08,nearest,0.8958845208845209,3256,12.9
navimumbai,test,2025-10-08,nearest_norepo,0.8740786240786241,3256,9.3
navimumbai,test,2025-10-08,p2_nm,0.8627149877149877,3256,10.9
navimumbai,test,2025-10-08,p1_greedy,0.8482800982800983,3256,10.3
navimumbai,test,2025-10-08,p2_wdf,0.7171375921375921,3256,16.3
navimumbai,test,2025-10-08,p2_ilp,0.7567567567567568,3256,10.0
thane,train,2025-08-20,nearest,0.8735228951255539,5416,18.6
thane,train,2025-08-20,nearest_norepo,0.8417651403249631,5416,13.2
thane,train,2025-08-20,p2_nm,0.8408419497784343,5416,15.5
thane,train,2025-08-20,p1_greedy,0.827178729689808,5416,14.6
thane,train,2025-08-20,p2_wdf,0.6429098966026587,5416,26.1
thane,train,2025-06-14,nearest,0.9234352845857808,4937,19.3
thane,train,2025-06-14,nearest_norepo,0.9037877253392748,4937,12.8
thane,train,2025-06-14,p2_nm,0.8989264735669434,4937,15.1
thane,train,2025-06-14,p1_greedy,0.887178448450476,4937,14.3
thane,train,2025-06-14,p2_wdf,0.6755114441968807,4937,27.2
thane,train,2025-02-11,nearest,0.9051708713544462,5589,19.1
thane,train,2025-02-11,nearest_norepo,0.8692073716228306,5589,13.7
thane,train,2025-02-11,p2_nm,0.8641975308641975,5589,15.8
thane,train,2025-02-11,p1_greedy,0.8654499910538558,5589,15.3
thane,train,2025-02-11,p2_wdf,0.6555734478439792,5589,26.7
thane,test,2025-11-15,nearest,0.9183013144590496,4945,18.9
thane,test,2025-11-15,nearest_norepo,0.9098078867542972,4945,12.8
thane,test,2025-11-15,p2_nm,0.9017189079878666,4945,15.1
thane,test,2025-11-15,p1_greedy,0.9015166835187056,4945,14.3
thane,test,2025-11-15,p2_wdf,0.6754297269969667,4945,26.2
thane,test,2025-11-15,p2_ilp,0.7544994944388271,4945,14.3
thane,test,2025-10-08,nearest,0.8896691923858806,5411,19.4
thane,test,2025-10-08,nearest_norepo,0.8650896322306413,5411,13.6
thane,test,2025-10-08,p2_nm,0.858621326926631,5411,15.7
thane,test,2025-10-08,p1_greedy,0.8564036222509702,5411,15.3
thane,test,2025-10-08,p2_wdf,0.6732581777859915,5411,27.7
thane,test,2025-10-08,p2_ilp,0.7316577342450563,5411,14.6
arlington,train,2025-02-11,nearest,0.9032597266035752,4755,16.0
arlington,train,2025-02-11,nearest_norepo,0.892534174553102,4755,13.6
arlington,train,2025-02-11,p2_nm,0.8872765509989484,4755,15.2
arlington,train,2025-02-11,p1_greedy,0.8872765509989484,4755,14.9
arlington,train,2025-02-11,p2_wdf,0.7875920084121977,4755,23.7
arlington,train,2025-08-20,nearest,0.850727117194183,4676,15.7
arlington,train,2025-08-20,nearest_norepo,0.8404619332763046,4676,13.7
arlington,train,2025-08-20,p2_nm,0.8370402053036784,4676,15.2
arlington,train,2025-08-20,p1_greedy,0.8406757912745937,4676,15.1
arlington,train,2025-08-20,p2_wdf,0.7296834901625321,4676,25.0
arlington,train,2025-06-14,nearest,0.8767337370580192,5119,16.2
arlington,train,2025-06-14,nearest_norepo,0.8718499706974019,5119,14.4
arlington,train,2025-06-14,p2_nm,0.8616917366673178,5119,15.9
arlington,train,2025-06-14,p1_greedy,0.8591521781597968,5119,15.7
arlington,train,2025-06-14,p2_wdf,0.7636257081461223,5119,24.6
arlington,test,2025-10-08,nearest,0.9061728395061728,4860,16.9
arlington,test,2025-10-08,nearest_norepo,0.8893004115226337,4860,14.4
arlington,test,2025-10-08,p2_nm,0.8763374485596708,4860,16.0
arlington,test,2025-10-08,p1_greedy,0.8825102880658436,4860,15.9
arlington,test,2025-10-08,p2_wdf,0.7722222222222223,4860,26.1
arlington,test,2025-10-08,p2_ilp,0.7888888888888889,4860,14.3
arlington,test,2025-11-15,nearest,0.8841893252769386,4965,16.6
arlington,test,2025-11-15,nearest_norepo,0.8763343403826788,4965,14.5
arlington,test,2025-11-15,p2_nm,0.8749244712990937,4965,16.4
arlington,test,2025-11-15,p1_greedy,0.8666666666666667,4965,15.9
arlington,test,2025-11-15,p2_wdf,0.7732124874118832,4965,25.9
arlington,test,2025-11-15,p2_ilp,0.7911379657603222,4965,14.4
portland,train,2025-02-11,nearest,0.9062828601472136,7608,28.4
portland,train,2025-02-11,nearest_norepo,0.8781545741324921,7608,24.4
portland,train,2025-02-11,p2_nm,0.8705310199789695,7608,27.0
portland,train,2025-02-11,p1_greedy,0.8689537329127235,7608,26.8
portland,train,2025-02-11,p2_wdf,0.7753680336487907,7608,43.5
portland,train,2025-08-20,nearest,0.878156156933834,7723,29.1
portland,train,2025-08-20,nearest_norepo,0.8443609996115499,7723,25.1
portland,train,2025-08-20,p2_nm,0.8409944322154603,7723,27.3
portland,train,2025-08-20,p1_greedy,0.846691700116535,7723,27.3
portland,train,2025-08-20,p2_wdf,0.7348180758772498,7723,43.6
portland,train,2025-06-14,nearest,0.88112232340635,8126,29.5
portland,train,2025-06-14,nearest_norepo,0.8593403888752154,8126,26.0
portland,train,2025-06-14,p2_nm,0.8501107555993108,8126,28.0
portland,train,2025-06-14,p1_greedy,0.8487570760521782,8126,28.8
portland,train,2025-06-14,p2_wdf,0.7373861678562639,8126,43.1
portland,test,2025-10-08,nearest,0.89356755360372,7742,28.5
portland,test,2025-10-08,nearest_norepo,0.8641177990183415,7742,24.7
portland,test,2025-10-08,p2_nm,0.8526220614828209,7742,27.0
portland,test,2025-10-08,p1_greedy,0.8566261947817102,7742,26.9
portland,test,2025-10-08,p2_wdf,0.7514854042882976,7742,43.1
portland,test,2025-10-08,p2_ilp,0.7761560320330664,7742,24.4
portland,test,2025-11-15,nearest,0.8999621546612843,7927,28.9
portland,test,2025-11-15,nearest_norepo,0.8645136873975022,7927,25.1
portland,test,2025-11-15,p2_nm,0.8666582565913965,7927,27.6
portland,test,2025-11-15,p1_greedy,0.8612337580421344,7927,28.3
portland,test,2025-11-15,p2_wdf,0.7527437870568942,7927,44.7
portland,test,2025-11-15,p2_ilp,0.7827677557714141,7927,24.1
coimbatore,train,2025-08-20,nearest,0.7864823348694316,3255,26.6
coimbatore,train,2025-08-20,nearest_norepo,0.7499231950844855,3255,21.3
coimbatore,train,2025-08-20,p2_nm,0.7333333333333333,3255,23.8
coimbatore,train,2025-08-20,p1_greedy,0.7373271889400922,3255,22.8
coimbatore,train,2025-08-20,p2_wdf,0.5560675883256528,3255,34.4
coimbatore,test,2025-10-08,nearest,0.837246192893401,3152,26.7
coimbatore,test,2025-10-08,nearest_norepo,0.7858502538071066,3152,21.4
coimbatore,test,2025-10-08,p2_nm,0.799492385786802,3152,24.1
coimbatore,test,2025-10-08,p1_greedy,0.7890228426395939,3152,22.5
coimbatore,test,2025-10-08,p2_wdf,0.6091370558375635,3152,35.2
coimbatore,test,2025-10-08,p2_ilp,0.6519670050761421,3152,25.5
coimbatore,train,2025-06-14,nearest,0.8371448371448371,2886,35.8
coimbatore,train,2025-06-14,nearest_norepo,0.8052668052668053,2886,27.3
coimbatore,train,2025-06-14,p2_nm,0.805959805959806,2886,29.9
coimbatore,train,2025-06-14,p1_greedy,0.7983367983367984,2886,30.8
coimbatore,train,2025-06-14,p2_wdf,0.5862785862785863,2886,40.1
coimbatore,train,2025-02-11,nearest,0.8343520782396088,3272,36.9
coimbatore,train,2025-02-11,nearest_norepo,0.8089853300733496,3272,30.1
coimbatore,train,2025-02-11,p2_nm,0.8068459657701712,3272,32.5
coimbatore,train,2025-02-11,p1_greedy,0.8062347188264058,3272,32.5
coimbatore,train,2025-02-11,p2_wdf,0.6253056234718827,3272,34.8
coimbatore,test,2025-11-15,nearest,0.8396946564885496,2882,35.8
coimbatore,test,2025-11-15,nearest_norepo,0.8112421929215823,2882,27.9
coimbatore,test,2025-11-15,p2_nm,0.8213046495489243,2882,30.4
coimbatore,test,2025-11-15,p1_greedy,0.8105482303955587,2882,31.7
coimbatore,test,2025-11-15,p2_wdf,0.5985426786953505,2882,40.1
coimbatore,test,2025-11-15,p2_ilp,0.6606523247744622,2882,19.7
nagpur,train,2025-02-11,nearest,0.886445366528354,7230,49.7
nagpur,train,2025-02-11,nearest_norepo,0.8435684647302905,7230,44.0
nagpur,train,2025-02-11,p2_nm,0.8399723374827109,7230,47.7
nagpur,train,2025-02-11,p1_greedy,0.8441217150760719,7230,43.6
nagpur,train,2025-02-11,p2_wdf,0.6634854771784232,7230,59.0
nagpur,train,2025-08-20,nearest,0.836661120354964,7212,51.3
nagpur,train,2025-08-20,nearest_norepo,0.7986688851913477,7212,46.2
nagpur,train,2025-08-20,p2_nm,0.7974209650582362,7212,51.0
nagpur,train,2025-08-20,p1_greedy,0.7967276760953965,7212,44.2
nagpur,train,2025-08-20,p2_wdf,0.5813921242373822,7212,57.8
nagpur,train,2025-06-14,nearest,0.8763079806340778,6403,63.8
nagpur,train,2025-06-14,nearest_norepo,0.8499141027643292,6403,59.2
nagpur,train,2025-06-14,p2_nm,0.8552241136967047,6403,48.2
nagpur,train,2025-06-14,p1_greedy,0.8610026550054661,6403,39.4
nagpur,train,2025-06-14,p2_wdf,0.6222083398406997,6403,52.2
nagpur,test,2025-11-15,nearest,0.8930798004987531,6416,47.6
nagpur,test,2025-11-15,nearest_norepo,0.8678304239401496,6416,43.0
nagpur,test,2025-11-15,p2_nm,0.8667394014962594,6416,47.8
nagpur,test,2025-11-15,p1_greedy,0.8625311720698254,6416,43.2
nagpur,test,2025-11-15,p2_wdf,0.6376246882793017,6416,54.7
nagpur,test,2025-11-15,p2_ilp,0.6924875311720698,6416,34.4
nagpur,test,2025-10-08,nearest,0.8651311225197724,7207,50.6
nagpur,test,2025-10-08,nearest_norepo,0.8225336478423755,7207,44.0
nagpur,test,2025-10-08,p2_nm,0.8261412515609824,7207,51.0
nagpur,test,2025-10-08,p1_greedy,0.8173997502428195,7207,42.1
nagpur,test,2025-10-08,p2_wdf,0.6310531427778548,7207,55.3
nagpur,test,2025-10-08,p2_ilp,0.6872485083946164,7207,33.5
