city,key,tier,country,population,extent,area_km2,road_km,nodes,zones,gateways,peak_tti_target,calib_max_err,requests_day,drivers,completion,wait_min,net_per_hour,currency,gini,traffic_source
San Francisco,sf,core,US,810000,admin boundary,601,3111.2,9975,156,8,1.95,0.009,12036,1000,0.9493187105350614,2.904170584867158,17.670179225412053,USD,0.24781143210352496,TomTom Traffic Index 2025 (tomtom.com/traffic-index/city/san-francisco-ca)
Pune,pune,core,IN,3500000,admin boundary,312,5903.0,32995,83,24,2.14,0.039,9751,1400,0.8415547123371961,5.647793418610122,76.20026646630996,INR,0.36578298334049886,TomTom Traffic Index 2025 (tomtom.com/traffic-index/city/pune)
Navi Mumbai,navimumbai,metro,IN,1120000,admin boundary,105,1358.8,6057,95,8,1.883,0.116,3309,286,0.886672710788758,4.624090076203797,97.69829173907141,INR,0.2591876585824234,ASSUMPTION: below TomTom Traffic Index 2025 Mumbai 63.2% (satellite city)
Thane,thane,metro,IN,1890000,circle,145,1473.8,7863,119,7,1.963,0.008,5665,523,0.894792586054722,4.3616602168576915,97.01531298722014,INR,0.27815014587076703,ASSUMPTION: near TomTom Traffic Index 2025 Mumbai 63.2%
"Arlington, TX",arlington,metro,US,400000,admin boundary,258,4127.3,12120,54,18,1.65,0.009,4763,428,0.893974385891245,4.97715686979078,16.250773251753046,USD,0.2818954981777439,ASSUMPTION: between TomTom Traffic Index 2025 Dallas 40.6% and Fort Worth 28.3%
Nagpur,nagpur,medium,IN,2500000,admin boundary,211,7014.7,39808,50,12,1.723,0.01,7243,1008,0.8630401767223527,5.428813707808376,66.23721553288667,INR,0.38057711067308014,"ASSUMPTION: Indian tier-2 city, not in TomTom"
Coimbatore,coimbatore,medium,IN,1100000,circle,254,7069.2,38227,61,11,1.723,0.017,3146,672,0.8258105530832803,5.81963680858269,42.68661111657133,INR,0.41412148626219975,"ASSUMPTION: Indian tier-2 city, not in TomTom"
Chandigarh,chandigarh,medium,IN,1100000,admin boundary,116,2470.3,11960,121,4,1.642,0.01,3159,380,0.8964862298195632,4.86331700246101,69.85145234502129,INR,0.27055116220318104,"ASSUMPTION: planned Indian tier-2 city, not in TomTom"
Pittsburgh,pittsburgh,medium,US,303000,admin boundary,151,3020.1,9026,180,21,1.713,0.011,3613,321,0.9155826183227235,4.546383683914673,15.588363040151448,USD,0.24312830267712846,TomTom Traffic Index 2025 Pittsburgh 37.3%
"Portland, OR",portland,medium,US,630000,admin boundary,374,6795.5,20109,83,22,1.707,0.092,7508,678,0.8894512519978689,4.825355518266023,16.47935213331409,USD,0.260450205982411,TomTom Traffic Index 2025 Portland 37.0%
Panaji,panaji,small,IN,115000,circle,50,576.2,2236,43,3,1.482,0.009,614,75,0.8322475570032574,4.747311018124372,60.7877714276401,INR,0.30211001165580376,"ASSUMPTION: small Indian city, not in TomTom"
Udaipur,udaipur,small,IN,500000,circle,79,1926.7,9497,103,8,1.482,0.009,1380,140,0.8978260869565218,4.676923430795563,73.0182965898956,INR,0.2864284089130556,"ASSUMPTION: small Indian city, not in TomTom"
Puducherry,puducherry,small,IN,250000,admin boundary,43,729.7,4092,40,3,1.482,0.01,677,49,0.8611521418020679,4.631656209775059,82.94820201658618,INR,0.3343822753718161,"ASSUMPTION: small Indian city, not in TomTom"
"Boulder, CO",boulder,small,US,105000,admin boundary,72,975.5,3176,65,8,1.421,0.01,1285,70,0.845136186770428,5.18606604754345,21.081449362077368,USD,0.19537306213825756,"ASSUMPTION: small US city, not in TomTom"
"Ann Arbor, MI",annarbor,small,US,123000,admin boundary,75,1123.6,3307,80,5,1.421,0.009,1439,127,0.9186935371785963,4.277096679292381,14.737954518897839,USD,0.2576396779301988,"ASSUMPTION: small US city, not in TomTom"
