daytype,hour,target,tti,total_vph
weekday,0,1.042,1.043330306507507,31623.090298175735
weekday,1,1.025,1.0302334973971095,27732.303674032715
weekday,2,1.017,1.0229535216200867,25153.553855528928
weekday,3,1.017,1.022952681303439,25153.34525421811
weekday,4,1.025,1.0302373399083937,27732.405571738705
weekday,5,1.068,1.0657289304987574,35700.15448787479
weekday,6,1.169,1.1658173574011337,48581.869914539166
weekday,7,1.38,1.3829399382364713,61081.61397254003
weekday,8,1.634,1.634123159301369,65919.04474424105
weekday,9,1.811,1.813882599996863,67622.26336063289
weekday,10,1.761,1.7608288978417626,69249.91676884163
weekday,11,1.659,1.6544261256453179,71060.48541330779
weekday,12,1.592,1.5952579018536819,70934.95523766734
weekday,13,1.575,1.5761989047913125,70334.50017062046
weekday,14,1.592,1.5979810197326254,71009.52415090741
weekday,15,1.659,1.662724476520719,72832.86758555574
weekday,16,1.761,1.7693890832400403,74192.0470183328
weekday,17,1.887,1.8841615413092245,71862.96097331241
weekday,18,1.963,1.9676587071670713,70288.8509980906
weekday,19,1.913,1.9209753921090853,72533.94660293376
weekday,20,1.718,1.7208271359997256,72805.0481472972
weekday,21,1.465,1.4658677754284515,66672.4798126458
weekday,22,1.254,1.2558612448538893,56039.327841000035
weekday,23,1.101,1.0981637940809366,40890.273128828434
weekend,0,1.051,1.0525575905859952,33469.52402226446
weekend,1,1.034,1.037340192171994,29976.453487271334
weekend,2,1.017,1.0229535485265124,25153.560934907116
weekend,3,1.017,1.0229535485265124,25153.560934907116
weekend,4,1.017,1.0229535485265124,25153.560934907116
weekend,5,1.034,1.037340192171994,29976.453487271334
weekend,6,1.068,1.0658299371013493,35724.077636559094
weekend,7,1.127,1.1262296828460046,44355.93555403748
weekend,8,1.237,1.2365583293625764,54428.51065368594
weekend,9,1.355,1.3538600663237297,61606.114289510864
weekend,10,1.439,1.4469032860999316,66031.98541923084
weekend,11,1.49,1.4821842395930716,67493.84143200469
weekend,12,1.507,1.5092144640500569,68273.44632435286
weekend,13,1.49,1.4821842395930716,67493.84143200469
weekend,14,1.473,1.4740426374953035,67116.75744192644
weekend,15,1.507,1.5092144640500569,68273.44632435286
weekend,16,1.575,1.5798263900602296,70401.1755949626
weekend,17,1.659,1.659806939571736,72994.02807062722
weekend,18,1.727,1.7209765380190034,74798.36238177157
weekend,19,1.744,1.7489487979352054,75378.92832249466
weekend,20,1.634,1.6305542718907993,72321.43913066345
weekend,21,1.423,1.41613841605144,64945.342709213735
weekend,22,1.237,1.2365583293625764,54428.51065368594
weekend,23,1.101,1.0981924058084753,40888.484137566134
